{
    "courses": {
        "course1": {
            "category": "Методики",
            "title": "Современные методы обучения чтению в начальной школе",
            "description": "Практические подходы к формированию читательской грамотности младших школьников.",
            "duration": "36 часов",
            "level": "Базовый",
            "image": "images/course1.jpg"
        },
        "course2": {
            "category": "Цифровые инструменты",
            "title": "Интерактивная доска в начальной школе",
            "description": "Использование интерактивной доски для создания увлекательных уроков.",
            "duration": "24 часа",
            "level": "Начальный",
            "image": "images/course2.jpg"
        },
        "course3": {
            "category": "Психология",
            "title": "Работа с трудными детьми в начальной школе",
            "description": "Стратегии и подходы к коррекции поведения и обучению детей с особенностями поведения.",
            "duration": "48 часов",
            "level": "Продвинутый",
            "image": "images/course3.jpg"
        }
    }
}